{
  "paths": {
    "customizerJs": [
      "/docs/3.4/assets/js/vendor/autoprefixer.js",
      "/docs/3.4/assets/js/vendor/less.min.js",
      "/docs/3.4/assets/js/vendor/jszip.min.js",
      "/docs/3.4/assets/js/vendor/uglify.min.js",
      "/docs/3.4/assets/js/vendor/Blob.js",
      "/docs/3.4/assets/js/vendor/FileSaver.js",
      "/docs/3.4/assets/js/raw-files.min.js",
      "/docs/3.4/assets/js/src/customizer.js"
    ],
    "docsJs": [
      "/docs/3.4/assets/js/vendor/holder.min.js",
      "/docs/3.4/assets/js/vendor/clipboard.min.js",
      "/docs/3.4/assets/js/vendor/anchor.min.js",
      "/docs/3.4/assets/js/src/application.js",
      "/docs/3.4/assets/js/src/search.js"
    ]
  },
  "config": {
    "autoprefixerBrowsers": [
      "Android 2.3",
      "Android >= 4",
      "Chrome >= 20",
      "Firefox >= 24",
      "Explorer >= 8",
      "iOS >= 6",
      "Opera >= 12",
      "Safari >= 6"
    ],
    "jqueryCheck": [
      "if (typeof jQuery === 'undefined') {",
      "  throw new Error('Bootstrap\\'s JavaScript requires jQuery')",
      "}\n"
    ],
    "jqueryVersionCheck": [
      "+function ($) {",
      "  'use strict';",
      "  var version = $.fn.jquery.split(' ')[0].split('.')",
      "  if ((version[0] < 2 && version[1] < 9) || (version[0] == 1 && version[1] == 9 && version[2] < 1) || (version[0] > 3)) {",
      "    throw new Error('Bootstrap\\'s JavaScript requires jQuery version 1.9.1 or higher, but lower than version 4')",
      "  }",
      "}(jQuery);\n\n"
    ]
  }
}
